Date,PriceUSD
2020-02-15,1593.31959728986
2020-02-16,1594.36295926958
2020-02-17,1593.09
2020-02-18,1603.6542838013
2020-02-19,1611.15179782535
2020-02-20,1622.87
2020-02-21,1644.95917017584
2020-02-22,1649.29547027578
2020-02-23,1653.27435829755
2020-02-24,1658.15135568621
2020-02-25,1638.15933115858
2020-02-26,1640.82607181301
2020-02-27,1759.00561943364
2020-02-28,1591.4809734282
2020-02-29,1593.03002338948
2020-03-01,1583.40336383112
2020-03-02,1601.41091936178
2020-03-03,1650.52280888369
2020-03-04,1641.00977005518
2020-03-05,1674.72935242548
2020-03-06,1679.07381082273
2020-03-07,1674.93
2020-03-08,1712.35349762282
2020-03-09,1660.82223019852
2020-03-10,1665.68843186863
2020-03-11,1643.39757202657
2020-03-12,1553.26468129833
2020-03-13,1707.96595975835
2020-03-14,1532.20172526808
2020-03-15,1564.25747224296
2020-03-16,1506.99586270192
2020-03-17,1553.32431422937
2020-03-18,1519.09617831241
2020-03-19,1473.33429570746
2020-03-20,1497.97844531054
2020-03-21,1499.67579102184
2020-03-22,1515.43862575928
2020-03-23,1605.44100030684
2020-03-24,1648.04954192833
2020-03-25,1637.90131584401
2020-03-26,1701.21250905903
2020-03-27,1617.96012321944
2020-03-28,1628.95762237724
2020-03-29,1629.39378059022
2020-03-30,1663.86103189567
2020-03-31,1608.19849933519
2020-04-01,1615.87545154299
2020-04-02,1605.66237045815
2020-04-03,1620.71401408688
2020-04-04,1620.72824926577
2020-04-05,1619.90584752167
2020-04-06,1668.30525200555
2020-04-07,1672.40287914086
2020-04-08,1650.01454689574
2020-04-09,1680
2020-04-10,1700.66156269188
2020-04-11,1697.5
2020-04-12,1692.12735211606
2020-04-13,1730.27307173075
2020-04-14,1769.1233008019
2020-04-15,1725.08463253066
2020-04-16,1720.09839397458
2020-04-17,1686.66384471948
2020-04-18,1681.90093051377
2020-04-19,1691.61431576146
2020-04-20,1681.84053219049
2020-04-21,1685.35318222843
2020-04-22,1720.30675050968
2020-04-23,1731.96834961934
2020-04-24,1733.41292418421
2020-04-25,1739.12516339955
2020-04-26,1740.38879674215
2020-04-27,1720.02119550344
2020-04-28,1715.95532931816
2020-04-29,1712.26145602824
2020-04-30,1692.29797857244
2020-05-01,1740.36831871579
2020-05-02,1701.61314789307
2020-05-03,1717.29986037749
2020-05-04,1715.01749942987
2020-05-05,1702.78429042713
2020-05-06,1689.71487952949
2020-05-07,1710.15575822162
2020-05-08,1711.15263885831
2020-05-09,1699.34154263843
2020-05-10,1707.22595173702
2020-05-11,1696.62328862969
2020-05-12,1701.71011862491
2020-05-13,1714.71632495272
2020-05-14,1736.78641895888
2020-05-15,1740.37274098108
2020-05-16,1745.41558518983
2020-05-17,1751.56498444334
2020-05-18,1744.31442674628
2020-05-19,1766.86537298957
2020-05-20,1766.15807462969
2020-05-21,1741.46716260554
2020-05-22,1743.94597588503
2020-05-23,1731.44853927661
2020-05-24,1735.90969119728
2020-05-25,1725.14116397903
2020-05-26,1707.56513967649
2020-05-27,1711.26585985343
2020-05-28,1722.38240006367
2020-05-29,1744.43238938847
2020-05-30,1727.17624804069
2020-05-31,1738.67907866579
2020-06-01,1739.89442730554
2020-06-02,1727.3883727576
2020-06-03,1698.02399136879
2020-06-04,1713.34997797518
2020-06-05,1694.25353766957
2020-06-06,1687.16903857393
2020-06-07,1681.80817375139
2020-06-08,1695.26003112611
2020-06-09,1714.62309474433
2020-06-10,1732.61611739214
2020-06-11,1726.0038180027
2020-06-12,1727.49239257327
2020-06-13,1727.07194616807
2020-06-14,1731.56644097127
2020-06-15,1724.71786764841
2020-06-16,1734.20093394139
2020-06-17,1730.54619113788
2020-06-18,1726.20317344865
2020-06-19,1738.66389086084
2020-06-20,1744.5081294389
2020-06-21,1748.45134019121
2020-06-22,1758.03701171611
2020-06-23,1776.93258882051
2020-06-24,1770.2997630376
2020-06-25,1776.83587582639
2020-06-26,1790.29369539521
2020-06-27,1792.50147791501
2020-06-28,1827.23941279237
2020-06-29,1797.09605353066
2020-06-30,1787.30333103409
2020-07-01,1770.38642325165
2020-07-02,1781.7239964982
2020-07-03,1781.61586067302
2020-07-04,1778.44681731977
2020-07-05,1774.9209171884
2020-07-06,1792.98343006002
2020-07-07,1795.16854149598
2020-07-08,1815.96489445294
2020-07-09,1805.11864225572
2020-07-10,1807.52761380378
2020-07-11,1803.25571955044
2020-07-12,1801.95802151387
2020-07-13,1819.94398499239
2020-07-14,1815.1216658996
2020-07-15,1813.63383608592
2020-07-16,1813.11038479281
2020-07-17,1828.3772791675
2020-07-18,1826.51208654745
2020-07-19,1825.802930765
2020-07-20,1821.59331111774
2020-07-21,1848.53737188665
2020-07-22,1873.06507201251
2020-07-23,1894.17022785417
2020-07-24,1914.76582090664
2020-07-25,1912.09862498155
2020-07-26,1913.29739457588
2020-07-27,1965.5372937326
2020-07-28,1969.82602535549
2020-07-29,1981.15615416341
2020-07-30,1960.95637740898
2020-07-31,1976.64602140306
2020-08-01,1985.08924449448
2020-08-02,1991.10820758385
2020-08-03,1982.07148874035
2020-08-04,2040.27033542872
2020-08-05,2047.02268173146
2020-08-06,2082.34340339233
2020-08-07,2066.17141254201
2020-08-08,2047.89704580881
2020-08-09,2047.79576786158
2020-08-10,2042.23907429777
2020-08-11,1927.97797070798
2020-08-12,1932.5664037787
2020-08-13,1967.20131755522
2020-08-14,1957.42289888954
2020-08-15,1962.93920035047
2020-08-16,1967.73674394195
2020-08-17,1988.42954561073
2020-08-18,2003.51918452428
2020-08-19,1951.52144724519
2020-08-20,1958.9325308642
2020-08-21,1947.79541994555
2020-08-22,1952.6006343875
2020-08-23,1942.79420455874
2020-08-24,1938.74650370657
2020-08-25,1946.61525111364
2020-08-26,1964.07723317356
2020-08-27,1926.5497972282
2020-08-28,1976.28763764472
2020-08-29,1972.76953312665
2020-08-30,1984.17394390946
2020-08-31,1976.77505906467
2020-09-01,1983.08110574371
2020-09-02,1952.62510290725
2020-09-03,1939.2350830564
2020-09-04,1936.82186468061
2020-09-05,1944.13582974452
2020-09-06,1938.84061640518
2020-09-07,1937.64608483293
2020-09-08,1933.38021601418
2020-09-09,1955.68946335
2020-09-10,1945.623221648
2020-09-11,1947.58712120423
2020-09-12,1951.9390388488
2020-09-13,1943.95898646031
2020-09-14,1952.40981049743
2020-09-15,1950.27457845139
2020-09-16,1959.79403106583
2020-09-17,1951.49613504652
2020-09-18,1963.1163733166
2020-09-19,1971.05009984385
2020-09-20,1964.14867351212
2020-09-21,1920.37269329955
2020-09-22,1906.48513851549
2020-09-23,1861.44215615414
2020-09-24,1883.21820141216
2020-09-25,1879.38008505271
2020-09-26,1875.23404366466
2020-09-27,1876.06718426364
2020-09-28,1889.05152418952
2020-09-29,1907.29820412275
2020-09-30,1896.49075155487
2020-10-01,1915.88416311699
2020-10-02,1912.85875049175
2020-10-03,1908.97118466975
2020-10-04,1914.13629823681
2020-10-05,1922.8679969248
2020-10-06,1891.25210929281
2020-10-07,1898.54701666148
2020-10-08,1906.94198653435
2020-10-09,1945.49394334526
2020-10-10,1938.04845618379
2020-10-11,1944.01368602532
2020-10-12,1928.44147787409
2020-10-13,1907.04268699156
2020-10-14,1912.16903291927
2020-10-15,1916.18488664042
2020-10-16,1909.2275017081
2020-10-17,1910.25390999416
2020-10-18,1909.79043881791
2020-10-19,1909.00369354698
2020-10-20,1917.67673243084
2020-10-21,1931.3532744246
2020-10-22,1912.03525051428
2020-10-23,1917.8261976729
2020-10-24,1924.90845969875
2020-10-25,1919.0563106121
2020-10-26,1913.43239992829
2020-10-27,1911.76018827897
2020-10-28,1891.05881120134
2020-10-29,1871.9761793944
2020-10-30,1890.63253976902
2020-10-31,1882.92209744419
2020-11-01,1883.43120455874
2020-11-02,1915.44792653531
2020-11-03,1922.4246087719216
2020-11-04,1917.7061185266807
2020-11-05,1965.7035506116272
2020-11-06,1957.6475520514489
2020-11-07,1965.315802689097
2020-11-08,1965.8976120085717
2020-11-09,1881.2288714758645
2020-11-10,1883.2122794322613
2020-11-11,1873.7726028932357
2020-11-12,1894.5762386212434
2020-11-13,1906.3554077532028
2020-11-14,1896.4110551531837
2020-11-15,1895.2280727810612
2020-11-16,1896.7260572073278
2020-11-17,1892.9037931034482
2020-11-18,1880.9540848723373
2020-11-19,1872.6821288462597
2020-11-20,1885.6222155311923
2020-11-21,1895.7227184618196
2020-11-22,1880.657017727132
2020-11-23,1848.8002965902028
2020-11-24,1824.0852113328679
2020-11-25,1816.9506286866824
2020-11-26,1822.563199095948
2020-11-27,1802.8
2020-11-28,1802.3877178928763
2020-11-29,1795.8604238772607
2020-11-30,1790.546831565456
2020-12-01,1826.9135605003676
2020-12-02,1836.742248084065
2020-12-03,1849.2313169656165
2020-12-04,1845.1975519419002
2020-12-05,1847.6680204236936
2020-12-06,1846.1489722857123
2020-12-07,1878.1711885727145
2020-12-08,1875.9358013000967
2020-12-09,1849.7203161305242
2020-12-10,1840.7416175846342
2020-12-11,1846.59297823265
2020-12-12,1843.95842003313
2020-12-13,1844.52863933319
2020-12-14,1837.09285718887
2020-12-15,1856.8269345412
2020-12-16,1874.44461865757
2020-12-17,1908.47723093215
2020-12-18,1900.51546248629
2020-12-19,1896.05371770894
2020-12-20,1898.59831385155
2020-12-21,1894.71013809891
2020-12-22,1876.23890648743
2020-12-23,1883.8363220339
2020-12-24,1898.15915893887
2020-12-25,1903.58698889538
2020-12-26,1917.95941163333
2020-12-27,1927.7494346812
2020-12-28,1906.01640752515
2020-12-29,1902.06953575309
2020-12-30,1916.12415144297
2020-12-31,1935.02614637879
2021-01-01,1937.79211522808
2021-01-02,1973.00397121601
2021-01-03,1976.56845119813
2021-01-04,2003.05541634399
2021-01-05,2018.77915098325
2021-01-06,1969.06090003105
2021-01-07,1965.21123332744
2021-01-08,1899.43893355881
2021-01-09,1906.0851244886
2021-01-10,1884.88773897814
2021-01-11,1854.61685123854
2021-01-12,1863.88739900899
2021-01-13,1862.59201081533
2021-01-14,1869.54043931235
2021-01-15,1842.30351518478
2021-01-16,1850.67330683811
2021-01-17,1844.37327527762
2021-01-18,1863.88319873082
2021-01-19,1852.77135534775
2021-01-20,1883.9060212324
2021-01-21,1887.46212973012
2021-01-22,1866.59373361167
2021-01-23,1868.78216747259
2021-01-24,1891.07422745813
2021-01-25,1864.87194487627
2021-01-26,1867.81839520121
2021-01-27,1851.45801242562
2021-01-28,1859.41924558435
2021-01-29,1868.84508652311
2021-01-30,1870.38392731684
2021-01-31,1881.29042963583
2021-02-01,1867.50572924806
2021-02-02,1852.48996062398
2021-02-03,1849.07750674582
2021-02-04,1811.50920752544
2021-02-05,1831.54164738669
2021-02-06,1836.97602774519
2021-02-07,1845.15422695878
2021-02-08,1849.87824174245
2021-02-09,1858.40717084204
2021-02-10,1857.41324198269
2021-02-11,1840.41152519813
2021-02-12,1844.18973106643
2021-02-13,1851.42868515517
2021-02-14,1844.19880395714
2021-02-15,1836.45866594505
2021-02-16,1815.49400293319
2021-02-17,1798.33581535629
2021-02-18,1798.95907371178
2021-02-19,1807.71783206251
2021-02-20,1820.05027282856
2021-02-21,1816.25315474843
2021-02-22,1824.22787005463
2021-02-23,1818.76710573022
2021-02-24,1812.960852619
2021-02-25,1774.52093523379
2021-02-26,1748.21752484097
2021-02-27,1749.07010270914
2021-02-28,1747.11313846822
2021-03-01,1729.49399523041
2021-03-02,1752.0938138877
2021-03-03,1721.30517460369
2021-03-04,1707.39603933445
2021-03-05,1708.24639740377
2021-03-06,1717.01496220789
2021-03-07,1721.91236743833
2021-03-08,1704.3871964233
2021-03-09,1731.44836266878
2021-03-10,1740.19914230222
2021-03-11,1741.96342128479
2021-03-12,1743.37388135379
2021-03-13,1747.60422160442
2021-03-14,1738.52281146554
2021-03-15,1737.43282159831
2021-03-16,1743.37257988072
2021-03-17,1761.79426860395
2021-03-18,1742.3416674576
2021-03-19,1758.04656193378
2021-03-20,1758.02708694437
2021-03-21,1749.550545373
2021-03-22,1743.84269350489
2021-03-23,1739.8839443093
2021-03-24,1737.08103151423
2021-03-25,1728.79320186992
2021-03-26,1742.09400665605
2021-03-27,1735.24918980859
2021-03-28,1746.73851394739
2021-03-29,1724.29823221591
2021-03-30,1700.21828814825
2021-03-31,1715.90905828028
2021-04-01,1740.45423296145
2021-04-02,1738.4283682249
2021-04-03,1735.78592831311
2021-04-04,1745.41022325339
2021-04-05,1743.16255053833
2021-04-06,1755.68383721244
2021-04-07,1752.05979714853
2021-04-08,1768.47480518428
2021-04-09,1749.88262640185
2021-04-10,1756.15713567939
2021-04-11,1755.58778131507
2021-04-12,1746.57823362291
2021-04-13,1752.01091624281
2021-04-14,1750.0504874908
2021-04-15,1773.87664082945
2021-04-16,1792.26543900317
2021-04-17,1794.48342009348
2021-04-18,1802.74683987412
2021-04-19,1786.44355956838
2021-04-20,1792.1122118669
2021-04-21,1811.65356168403
2021-04-22,1799.88428679932
2021-04-23,1803.0926653254
2021-04-24,1791.04045936972
2021-04-25,1785.32825927966
2021-04-26,1792.14952145476
2021-04-27,1791.05263510331
2021-04-28,1797.26694303155
2021-04-29,1787.74111784294
2021-04-30,1793.09698894601
2021-05-01,1790.93136100788
2021-05-02,1786.69352380429
2021-05-03,1803.10615927808
2021-05-04,1788.20542390129
2021-05-05,1799.39242305202
2021-05-06,1839.95562074389
2021-05-07,1862.19387830851
2021-05-08,1868.99128554634
2021-05-09,1891.15818161033
2021-05-10,1885.43479784808
2021-05-11,1863.67960391666
2021-05-12,1825.98753997368
2021-05-13,1857.39470957811
2021-05-14,1873.33493454235
2021-05-15,1887.74822875581
2021-05-16,1948.78753543871
2021-05-17,1904.71638500284
2021-05-18,1870.17860765796
2021-05-19,1875.79333996224
2021-05-20,1885.02138865908
2021-05-21,1900.33674276776
2021-05-22,1902.92144738543
2021-05-23,1897.26749525451
2021-05-24,1880.4070841021
2021-05-25,1903.00626711939
2021-05-26,1906.73805668906
2021-05-27,1907.92652485083
2021-05-28,1919.19902522565
2021-05-29,1933.74548748694
2021-05-30,1917.04627991732
2021-05-31,1917.55226312875
2021-06-01,1910.96175722155
2021-06-02,1911.76372886689
2021-06-03,1879.97293127941
2021-06-04,1902.78925333121
2021-06-05,1901.70281523463
2021-06-06,1898.66696867765
2021-06-07,1902.34619472561
2021-06-08,1897.70993071949
2021-06-09,1897.30426720228
2021-06-10,1902.58423670197
2021-06-11,1887.6387962968
2021-06-12,1893.37376825145
2021-06-13,1881.58439072989
2021-06-14,1869.88603161257
2021-06-15,1861.81022010636
2021-06-16,1823.02982628693
2021-06-17,1788.66779856616
2021-06-18,1772.53987877143
2021-06-19,1772.87543019172
2021-06-20,1777.12839100756
2021-06-21,1789.30338033967
2021-06-22,1782.56951801351
2021-06-23,1781.87209154182
2021-06-24,1777.30840972539
2021-06-25,1779.19192710352
2021-06-26,1781.38394716365
2021-06-27,1788.15171021681
2021-06-28,1784.60506572679
2021-06-29,1767.48847810011
2021-06-30,1778.59301756844
2021-07-01,1777.46477414897
2021-07-02,1794.09653730328
2021-07-03,1792.45054994514
2021-07-04,1794.09688311355
2021-07-05,1795.37547064343
2021-07-06,1799.16645664858
2021-07-07,1808.81671811207
2021-07-08,1810.66544544349
2021-07-09,1816.74526029298
2021-07-10,1811.22386667
2021-07-11,1811.45919371019
2021-07-12,1808.70373582559
2021-07-13,1812.62558761354
2021-07-14,1834.10791175593
2021-07-15,1833.5435223162
2021-07-16,1814.0071349724
2021-07-17,1814.73419124905
2021-07-18,1816.67193259827
2021-07-19,1817.4725696945
2021-07-20,1810.79067540601
2021-07-21,1808.65259376295
2021-07-22,1809.17176727923
2021-07-23,1812.64701661813
2021-07-24,1814.35604003798
2021-07-25,1812.71948121941
2021-07-26,1804.66883930339
2021-07-27,1808.65990843136
2021-07-28,1814.33740983753
2021-07-29,1835.16380342564
2021-07-30,1823.86823249146
2021-07-31,1823.77678200944
2021-08-01,1815.02131060781
2021-08-02,1817.48751041638
2021-08-03,1814.41272808889
2021-08-04,1818.49478493186
2021-08-05,1812.24380161451
2021-08-06,1773.30601710425
2021-08-07,1777.05274900829
2021-08-08,1725.3340205574
2021-08-09,1743.31219005013
2021-08-10,1738.6047759752
2021-08-11,1756.34210210799
2021-08-12,1758.87217531212
2021-08-13,1784.96370015075
2021-08-14,1777.44504475277
2021-08-15,1781.03108697017
2021-08-16,1792.43337146969
2021-08-17,1786.65780135211
2021-08-18,1791.26926810975
2021-08-19,1782.1873278511
2021-08-20,1787.27509284688
2021-08-21,1788.60873140221
2021-08-22,1785.35192694196
2021-08-23,1807.49992682679
2021-08-24,1805.42248869674
2021-08-25,1796.04661824899
2021-08-26,1801.05978805474
2021-08-27,1823.20243514549
2021-08-28,1824.39906654721
2021-08-29,1820.95133038048
2021-08-30,1814.67279158345
2021-08-31,1818.1555285196
2021-09-01,1818.08571760879
2021-09-02,1817.83684282832
2021-09-03,1831.52925848646
2021-09-04,1829.6064469026
2021-09-05,1830.46846992418
2021-09-06,1827.94624604031
2021-09-07,1792.69369084697
2021-09-08,1789.5961434673
2021-09-09,1797.57411939745
2021-09-10,1793.76115769228
2021-09-11,1798.9775227998
2021-09-12,1794.8383448614
2021-09-13,1800.15086919184
2021-09-14,1801.67517418591
2021-09-15,1798.63712964468
2021-09-16,1763.70964920937
2021-09-17,1764.21291355418
2021-09-18,1767.8938428476
2021-09-19,1764.53224850472
2021-09-20,1774.59852640224
2021-09-21,1779.2902734512
2021-09-22,1772.30032922999
2021-09-23,1755.59113129681
2021-09-24,1758.97772849735
2021-09-25,1757.79774956895
2021-09-26,1754.09234331832
2021-09-27,1759.74964278919
2021-09-28,1743.45135337597
2021-09-29,1738.68154216441
2021-09-30,1763.75233417222
2021-10-01,1765.84700044067
2021-10-02,1766.27817776815
2021-10-03,1770.9454857844
2021-10-04,1774.23575604434
2021-10-05,1764.14182338319
2021-10-06,1768.03807832066
2021-10-07,1759.98338449132
2021-10-08,1764.55103983273
2021-10-09,1761.51875424058
2021-10-10,1759.27924699056
2021-10-11,1761.7053401204
2021-10-12,1766.05035216561
2021-10-13,1794.45853553682
2021-10-14,1802.02575640538
2021-10-15,1773.72960163569
2021-10-16,1771.84854621921
2021-10-17,1775.87694151043
2021-10-18,1769.67356489738
2021-10-19,1776.33421000838
2021-10-20,1784.74039343008
2021-10-21,1787.66591965869
2021-10-22,1799.06616890908
2021-10-23,1796.99379218027
2021-10-24,1800.36796181774
2021-10-25,1809.43147324241
2021-10-26,1797.17005341878
2021-10-27,1805.25112240278
2021-10-28,1802.54764435983
2021-10-29,1783.38898277935
2021-10-30,1786.00163038117
2021-10-31,1779.30659992203
2021-11-01,1792.23439874718
2021-11-02,1789.53217878612
2021-11-03,1778.51592297955
2021-11-04,1791.61017001351
2021-11-05,1817.71614867128
2021-11-06,1816.95622008662
2021-11-07,1819.09727216453
2021-11-08,1828.53795379832
2021-11-09,1834.29894390013
2021-11-10,1851.36821588714
2021-11-11,1863.88936053023
2021-11-12,1871.94875136964
2021-11-13,1871.39248393955
2021-11-14,1870.4541350729
2021-11-15,1870.3350021121
2021-11-16,1858.31987866816
2021-11-17,1866.57180188532
2021-11-18,1859.34171536175
2021-11-19,1846.98121652626
2021-11-20,1843.54378748807
2021-11-21,1846.11984669001
2021-11-22,1811.38218783758
2021-11-23,1793.03293207215
2021-11-24,1792.9663887435
2021-11-25,1796.79175583091
2021-11-26,1794.48774517514
2021-11-27,1793.20283564904
2021-11-28,1792.54593637746
2021-11-29,1790.53760224038
2021-11-30,1778.62731439979
2021-12-01,1785.45260198478
2021-12-02,1771.04021127964
2021-12-03,1782.78898351312
2021-12-04,1781.77925938859
2021-12-05,1783.89053945873
2021-12-06,1784.96970972542
2021-12-07,1787.49231332297
2021-12-08,1785.85350272249
2021-12-09,1779.16985870812
2021-12-10,1784.27576034658
2021-12-11,1783.43968764057
2021-12-12,1784.40206504136
2021-12-13,1790.76404475089
2021-12-14,1775.55677575785
2021-12-15,1773.97362192413
2021-12-16,1799.83511908826
2021-12-17,1805.00411409595
2021-12-18,1803.91421922137
2021-12-19,1807.75321890357
2021-12-20,1799.06288583596
2021-12-21,1795.71694071997
2021-12-22,1806.52041589106
2021-12-23,1815.30273100492
2021-12-24,1816.69865617903
2021-12-25,1818.74005082773
2021-12-26,1813.24146762424
2021-12-27,1819.58085780955
2021-12-28,1811.32699606817
2021-12-29,1811.59465679787
2021-12-30,1822.42205271488
2021-12-31,1833.66735201594
2022-01-01,1834.22096298206
2022-01-02,1836.36155290685
2022-01-03,1809.23197871971
2022-01-04,1815.87522324198
2022-01-05,1817.736645579
2022-01-06,1794.12085918871
2022-01-07,1802.09045286154
2022-01-08,1804.12867350274
2022-01-09,1797.76555138322
2022-01-10,1804.97843029205
2022-01-11,1823.3333169726
2022-01-12,1832.18279578007
2022-01-13,1827.55401912153
2022-01-14,1825.99171637374
2022-01-15,1826.76721562188
2022-01-16,1825.60874515813
2022-01-17,1822.82039761677
2022-01-18,1820.78769177799
2022-01-19,1848.32048553652
2022-01-20,1845.34703750928
2022-01-21,1838.47424561183
2022-01-22,1839.8672487036
2022-01-23,1844.32560525448
2022-01-24,1850.08765352958
2022-01-25,1863.31435388079
2022-01-26,1833.32101205023
2022-01-27,1809.31353160859
2022-01-28,1796.5998351175
2022-01-29,1799.32768221879
2022-01-30,1801.97482956211
2022-01-31,1803.68378940428
2022-02-01,1807.88199972035
2022-02-02,1814.07976484588
2022-02-03,1812.36885394335
2022-02-04,1814.9504468209
2022-02-05,1816.91359169882
2022-02-06,1817.86620858117
2022-02-07,1825.51701034727
2022-02-08,1833.20615268608
2022-02-09,1839.15028502273
2022-02-10,1834.93736171978
2022-02-11,1870.60851329152
2022-02-12,1874.63185254135
2022-02-13,1882.19154236586
2022-02-14,1883.45231298004
2022-02-15,1861.13974736831
2022-02-16,1879.60511825997
2022-02-17,1916.25498078107
2022-02-18,1914.38719589577
2022-02-19,1916.13275077946
2022-02-20,1938.33251203466
2022-02-21,1954.92956696196
2022-02-22,1908.59945565385
2022-02-23,1923.29017590067
2022-02-24,1937.93072240763
2022-02-25,1897.63729117446
2022-02-26,1892.70469769972
2022-02-27,1917.2298534894
2022-02-28,1896.91809552427
2022-03-01,1937.6330072207
2022-03-02,1924.675554707
2022-03-03,1935.05101037637
2022-03-04,1975.16369491026
2022-03-05,1972.13653768496
2022-03-06,1990.83498141792
2022-03-07,2002.52462840944
2022-03-08,2056.13731530211
2022-03-09,1996.12359318386
2022-03-10,2000.56826601921
2022-03-11,1988.33790822534
2022-03-12,1992.88871206234
2022-03-13,1987.51288276547
2022-03-14,1959.79981834036
2022-03-15,1927.16854929902
2022-03-16,1935.32343080816
2022-03-17,1951.8053148949
2022-03-18,1924.7496997186
2022-03-19,1918.51815607518
2022-03-20,1922.88120375589
2022-03-21,1936.05019632922
2022-03-22,1920.12421957442
2022-03-23,1946.31149417489
2022-03-24,1957.70574038871
2022-03-25,1960.79447978683
2022-03-26,1965.92240833102
2022-03-27,1953.15365961373
2022-03-28,1925.49184810448
2022-03-29,1919.74861624415
2022-03-30,1931.93087070177
2022-03-31,1935.90303217572
2022-04-01,1927.05429092926
2022-04-02,1922.15330389544
2022-04-03,1922.56994819712
2022-04-04,1930.53189724007
2022-04-05,1922.928855923
2022-04-06,1922.40636339166
2022-04-07,1929.61205172306
2022-04-08,1947.33909844524
2022-04-09,1947.81762204323
2022-04-10,1944.80527733362
2022-04-11,1952.87422654735
2022-04-12,1966.0109598882
2022-04-13,1982.45408123663
2022-04-14,1977.67889221707
2022-04-15,1980.62746466785
2022-04-16,1980.01936765302
2022-04-17,1983.84439479943
2022-04-18,1980.0699018583
2022-04-19,1954.04437286456
2022-04-20,1963.07950341456
2022-04-21,1958.54313560785
2022-04-22,1935.91426751509
2022-04-23,1936.50004270493
2022-04-24,1936.5123611177
2022-04-25,1904.08786790029
2022-04-26,1907.68792167752
2022-04-27,1892.06945548119
2022-04-28,1898.9948004825
2022-04-29,1905.20774840034
2022-04-30,1902.41836753052
2022-05-01,1904.97058473105
2022-05-02,1867.77795011179
2022-05-03,1872.31273898143
2022-05-04,1887.41763140114
2022-05-05,1877.28057661619
2022-05-06,1883.44905945766
2022-05-07,1886.00668076844
2022-05-08,1883.29363440176
2022-05-09,1852.03795255998
2022-05-10,1835.55945960931
2022-05-11,1848.29331571769
2022-05-12,1829.28762793978
2022-05-13,1807.48432907493
2022-05-14,1808.00288005803
2022-05-15,1808.93977000642
2022-05-16,1824.97805307114
2022-05-17,1818.94172347172
2022-05-18,1816.35613611161
2022-05-19,1848.3397163051
2022-05-20,1855.18188552324
2022-05-21,1851.59608730396
2022-05-22,1852.15897773275
2022-05-23,1854.41923974594
2022-05-24,1867.65763156769
2022-05-25,1856.81364011812
2022-05-26,1851.51188017615
2022-05-27,1851.78113363865
2022-05-28,1853.69876823804
2022-05-29,1851.73598450074
2022-05-30,1855.19125557203
2022-05-31,1837.41303449236
2022-06-01,1850.26999961781
2022-06-02,1869.72344245814
2022-06-03,1854.14667201074
2022-06-04,1860.20457181238
2022-06-05,1855.86792745067
2022-06-06,1843.49155701595
2022-06-07,1854.77069354382
2022-06-08,1855.33318130305
2022-06-09,1846.06772799715
2022-06-10,1871.43755875041
2022-06-11,1879.18046405814
2022-06-12,1881.97098971792
2022-06-13,1824.91363754262
2022-06-14,1813.17763708431
2022-06-15,1836.47655971352
2022-06-16,1856.26774602355
2022-06-17,1840.97967698367
2022-06-18,1823.47136878077
2022-06-19,1840.95267744044
2022-06-20,1845.97965040577
2022-06-21,1836.02880588435
2022-06-22,1842.66782954981
2022-06-23,1827.82508824448
2022-06-24,1825.17064993315
2022-06-25,1822.87021362615
2022-06-26,1831.03635409067
2022-06-27,1826.83080117508
2022-06-28,1821.62238178999
2022-06-29,1821.06332766082
2022-06-30,1811.1359066133
2022-07-01,1805.02796302172
2022-07-02,1806.76319733976
2022-07-03,1811.38753469432
2022-07-04,1810.90999315387
2022-07-05,1769.40601354851
2022-07-06,1743.9783672768
2022-07-07,1742.06082196073
2022-07-08,1745.5775493004
2022-07-09,1738.39863918771
2022-07-10,1741.67941477153
2022-07-11,1733.10868798085
2022-07-12,1724.44214351838
2022-07-13,1734.73109881928
2022-07-14,1712.76461114664
2022-07-15,1704.56281688133
2022-07-16,1698.72141854879
2022-07-17,1705.6109973283
2022-07-18,1707.25062676199
2022-07-19,1705.22661676424
2022-07-20,1697.45633127087
2022-07-21,1715.27980051036
2022-07-22,1727.55367039506
2022-07-23,1726.14156449461
2022-07-24,1725.92435913264
2022-07-25,1717.03312995075
2022-07-26,1714.73389662714
2022-07-27,1735.14338683897
2022-07-28,1749.64046579418
2022-07-29,1767.98140508335
2022-07-30,1764.95669272269
2022-07-31,1763.4505342998
2022-08-01,1771.683161305
2022-08-02,1754.42114589879
2022-08-03,1759.38846778108
2022-08-04,1788.40619366904
2022-08-05,1772.703133927
2022-08-06,1770.39037986072
2022-08-07,1768.2196478405
2022-08-08,1782.25067562187
2022-08-09,1790.98956463026
2022-08-10,1786.73233607651
2022-08-11,1779.73479253657
2022-08-12,1796.05389866896
2022-08-13,1793.53073795157
2022-08-14,1792.09465104561
2022-08-15,1774.23560684757
2022-08-16,1771.42816417404
2022-08-17,1757.60456611853
2022-08-18,1751.90765373422
2022-08-19,1738.68425923852
2022-08-20,1738.67697552237
2022-08-21,1740.93106353727
2022-08-22,1728.93774170446
2022-08-23,1745.56895706233
2022-08-24,1745.47336275318
2022-08-25,1752.24333152424
2022-08-26,1727.82757562855
2022-08-27,1731.31464135328
2022-08-28,1725.74200661263
2022-08-29,1729.30532522853
2022-08-30,1715.40584463566
2022-08-31,1704.84317212947
2022-09-01,1690.5143895755
2022-09-02,1704.18724312854
2022-09-03,1704.02118978749
2022-09-04,1706.24180211104
2022-09-05,1705.92064949878
2022-09-06,1693.73560571582
2022-09-07,1709.30742936489
2022-09-08,1704.31334329546
2022-09-09,1709.87738019271
2022-09-10,1714.32015575337
2022-09-11,1714.13993599184
2022-09-12,1718.44351535121
2022-09-13,1695.51630115677
2022-09-14,1690.25776928509
2022-09-15,1653.20636607909
2022-09-16,1666.58742657816
2022-09-17,1666.49590767949
2022-09-18,1670.12129236107
2022-09-19,1667.73392748998
2022-09-20,1657.27738066707
2022-09-21,1661.19499787946
2022-09-22,1663.96853793729
2022-09-23,1636.06276704146
2022-09-24,1635.79430105538
2022-09-25,1635.62591772582
2022-09-26,1617.90869139438
2022-09-27,1622.63240694833
2022-09-28,1648.60726004216
2022-09-29,1655.80999815378
2022-09-30,1655.55961533665
2022-10-01,1655.05979667804
2022-10-02,1657.40823621021
2022-10-03,1694.76318660908
2022-10-04,1717.23406498108
2022-10-05,1710.7761299567
2022-10-06,1703.12765930302
2022-10-07,1691.2415821339
2022-10-08,1690.88149286226
2022-10-09,1689.92607962893
2022-10-10,1662.48222386435
2022-10-11,1659.48338935053
2022-10-12,1664.39018018659
2022-10-13,1657.75079255583
2022-10-14,1636.29838589909
2022-10-15,1638.38090942635
2022-10-16,1640.14279803796
2022-10-17,1646.83838849083
2022-10-18,1648.33144297784
2022-10-19,1621.38531947195
2022-10-20,1617.25057537215
2022-10-21,1650.47866762055
2022-10-22,1653.00993144847
2022-10-23,1656.76155248654
2022-10-24,1643.3549440675
2022-10-25,1646.28559148859
2022-10-26,1658.60264564213
2022-10-27,1652.77676906372
2022-10-28,1638.60090697337
2022-10-29,1638.24322417704
2022-10-30,1638.18328310373
2022-10-31,1627.33007861595
2022-11-01,1640.05177483113
2022-11-02,1628.34401999542
2022-11-03,1625.64761036421
2022-11-04,1672.36468380469
2022-11-05,1672.37071387985
2022-11-06,1665.4747267031
2022-11-07,1664.43672166142
2022-11-08,1695.66540778936
2022-11-09,1690.65099396553
2022-11-10,1744.39326858203
2022-11-11,1769.59122112341
2022-11-12,1734.51229798695
2022-11-13,1739.84054304932
2022-11-14,1750.61809626093
2022-11-15,1771.35493752829
2022-11-16,1767.27114770193
2022-11-17,1747.81279069421
2022-11-18,1739.16521219395
2022-11-19,1744.20775844053
2022-11-20,1742.20891778159
2022-11-21,1739.09054300172
2022-11-22,1731.42338148156
2022-11-23,1740.2928947701
2022-11-24,1746.22756905232
2022-11-25,1748.81881549648
2022-11-26,1747.7017349226
2022-11-27,1748.98994838768
2022-11-28,1741.3252477281
2022-11-29,1739.35803626594
2022-11-30,1762.28125228949
2022-12-01,1790.82783578407
2022-12-02,1786.39968734309
2022-12-03,1787.44216004287
2022-12-04,1790.32851580044
2022-12-05,1770.11619450011
2022-12-06,1777.81853795495
2022-12-07,1787.92563043927
2022-12-08,1789.37626010099
2022-12-09,1794.42826819785
2022-12-10,1790.71213645745
2022-12-11,1795.15683395172
2022-12-12,1777.33773094866
2022-12-13,1809.45241097085
2022-12-14,1807.54055093482
2022-12-15,1788.96721553814
2022-12-16,1798.69837814351
2022-12-17,1803.76023635035
2022-12-18,1798.60832961725
2022-12-19,1798.05947619016
2022-12-20,1812.93015002093
2022-12-21,1809.97130691409
2022-12-22,1792.33881087499
2022-12-23,1806.66241605275
2022-12-24,1801.41611780799
2022-12-25,1799.41807584261
2022-12-26,1797.76412477972
2022-12-27,1814.0426221898
2022-12-28,1801.01591584165
2022-12-29,1813.22488245376
2022-12-30,1817.06804223961
2022-12-31,1818.44433600734
2023-01-01,1820.61559358555
2023-01-02,1822.22564259059
2023-01-03,1840.45642113589
2023-01-04,1850.00635744014
2023-01-05,1850.06269501878
2023-01-06,1856.30280613557
2023-01-07,1857.8660951662
2023-01-08,1859.60264596354
2023-01-09,1865.12375241411
2023-01-10,1863.55309453282
2023-01-11,1872.74575909167
2023-01-12,1880.82437452048
2023-01-13,1896.58721009619
2023-01-14,1891.27603884834
2023-01-15,1897.99606040913
2023-01-16,1884.82751650886
2023-01-17,1890.17017129203
2023-01-18,1886.99259154279
2023-01-19,1917.08999230169
2023-01-20,1904.28546205298
2023-01-21,1906.43616332844
2023-01-22,1906.34671549671
2023-01-23,1909.33028924052
2023-01-24,1903.6997346569
2023-01-25,1919.31532739087
2023-01-26,1919.88139772997
2023-01-27,1913.61787847594
2023-01-28,1913.10644195261
2023-01-29,1911.78248649716
2023-01-30,1895.92784724521
2023-01-31,1899.14557468334
2023-02-01,1913.22409776401
2023-02-02,1901.30145424567
2023-02-03,1869.24975682809
2023-02-04,1859.47033827716
2023-02-05,1858.592860479
2023-02-06,1864.34700843134
2023-02-07,1860.60285119437
2023-02-08,1859.63179767499
2023-02-09,1845.89186060986
2023-02-10,1825.47056231241
2023-02-11,1831.79927965502
2023-02-12,1827.72006007016
2023-02-13,1802.77500360092
2023-02-14,1833.25400049475
2023-02-15,1824.53169630037
2023-02-16,1822.38102146936
2023-02-17,1809.99483592204
2023-02-18,1823.16662934622
2023-02-19,1821.64701534597
2023-02-20,1816.0606337225
2023-02-21,1812.3128265682
2023-02-22,1812.5950103435
2023-02-23,1812.94513698289
2023-02-24,1802.10086967503
2023-02-25,1794.41435170974
2023-02-26,1796.22365413601
2023-02-27,1805.00670085379
2023-02-28,1808.60350780506
2023-03-01,1828.3210281552
2023-03-02,1826.22525937013
2023-03-03,1845.59928767855
2023-03-04,1849.46614476817
2023-03-05,1845.9591311166
2023-03-06,1831.3338921872
2023-03-07,1805.6294489375
2023-03-08,1805.53112933863
2023-03-09,1810.04375474726
2023-03-10,1869.15921356265
2023-03-11,1913.4724923226
2023-03-12,1921.10825601398
2023-03-13,1925.59628799025
2023-03-14,1912.57256253632
2023-03-15,1928.11501326209
2023-03-16,1910.65676801703
2023-03-17,1965.3495978937
2023-03-18,1965.52649528691
2023-03-19,1980.10976811535
2023-03-20,1982.45320752269
2023-03-21,1950.98238776581
2023-03-22,1980.25164284182
2023-03-23,1995.56354358892
2023-03-24,1987.16530501218
2023-03-25,1998.31906274299
2023-03-26,1990.22285744266
2023-03-27,1982.9965844501
2023-03-28,1987.80148237143
2023-03-29,1983.95928956838
2023-03-30,1981.31775670436
2023-03-31,1973.10384110988
2023-04-01,1977.18244600526
2023-04-02,1973.88294536664
2023-04-03,1987.80976396333
2023-04-04,2023.44199635776
2023-04-05,2032.86470795536
2023-04-06,2017.71079775365
2023-04-07,2021.50782219901
2023-04-08,2022.80539886189
2023-04-09,2022.10329367465
2023-04-10,2006.30203519926
2023-04-11,2024.91030651563
2023-04-12,2025.26016646208
2023-04-13,2054.01383246159
2023-04-14,2023.72966010123
2023-04-15,2018.64271947165
2023-04-16,2021.71407509647
2023-04-17,2018.89253752924
2023-04-18,2014.47777480458
2023-04-19,2004.36025663484
2023-04-20,2005.96861085364
2023-04-21,1981.45406602349
2023-04-22,1982.37415586475
2023-04-23,1984.72727548362
2023-04-24,1995.93251452101
2023-04-25,2001.93058156567
2023-04-26,1988.88559632602
2023-04-27,1987.83843596834
2023-04-28,1987.84968222705
2023-04-29,1997.39814604167
2023-04-30,2000.9215832789
2023-05-01,1995.91073861605
2023-05-02,2016.10260384253
2023-05-03,2043.82941420406
2023-05-04,2055.80883031671
2023-05-05,2021.78204722798
2023-05-06,2024.88400602421
2023-05-07,2025.05541068356
2023-05-08,2030.80657668984
2023-05-09,2040.30458531717
2023-05-10,2040.58522744747
2023-05-11,2024.59636818461
2023-05-12,2025.13673748796
2023-05-13,2021.38083892817
2023-05-14,2019.79762044911
2023-05-15,2017.78571783643
2023-05-16,1996.08847788824
2023-05-17,1994.7392455005
2023-05-18,1977.64521082773
2023-05-19,1996.81453967534
2023-05-20,1993.49421968206
2023-05-21,1988.89160493722
2023-05-22,1973.37673726377
2023-05-23,1985.30968842727
2023-05-24,1971.01827846569
2023-05-25,1965.56047321169
2023-05-26,1962.44364736476
2023-05-27,1966.42481256926
2023-05-28,1962.75076231677
2023-05-29,1953.1814225467
2023-05-30,1966.73316406417
2023-05-31,1969.84438484495
2023-06-01,1981.64642191231
2023-06-02,1957.12498475638
2023-06-03,1948.81056333088
2023-06-04,1948.1374416793
2023-06-05,1913.18323473812
2023-06-06,1933.72454036342
2023-06-07,1925.10376305
2023-06-08,1920.88774095204
2023-06-09,1916.64523812744
2023-06-10,1920.53342936519
2023-06-11,1918.19648550858
2023-06-12,1930.67032056656
2023-06-13,1916.21014707482
2023-06-14,1918.1731047502
2023-06-15,1930.78339020237
2023-06-16,1942.45384588762
2023-06-17,1927.82602844588
2023-06-18,1928.90036637902
2023-06-19,1925.49854321687
2023-06-20,1924.14239739309
2023-06-21,1924.77934335044
2023-06-22,1907.80572456716
2023-06-23,1908.08631795548
2023-06-24,1907.8556919189
2023-06-25,1905.00317303773
2023-06-26,1905.03667880021
2023-06-27,1903.62340173203
2023-06-28,1890.78245093028
2023-06-29,1892.53011810047
2023-06-30,1901.83199249012
2023-07-01,1894.87534429283
2023-07-02,1895.98227283003
2023-07-03,1896.60691688938
2023-07-04,1898.63432524195
2023-07-05,1892.18772915463
2023-07-06,1890.71849578807
2023-07-07,1905.47461987193
2023-07-08,1904.36822368371
2023-07-09,1903.14235054813
2023-07-10,1908.04497135436
2023-07-11,1917.51098148992
2023-07-12,1945.24527199683
2023-07-13,1940.23956438723
2023-07-14,1928.76351007118
2023-07-15,1924.12628574527
2023-07-16,1926.41882818338
2023-07-17,1914.56976329632
2023-07-18,1939.70121033803
2023-07-19,1939.36113272634
2023-07-20,1934.53388669282
2023-07-21,1924.74334263625
2023-07-22,1924.88539702944
2023-07-23,1932.23024975143
2023-07-24,1935.86437469602
2023-07-25,1945.09672631733
2023-07-26,1955.45326727096
2023-07-27,1940.61138188773
2023-07-28,1947.42202236479
2023-07-29,1947.63222249038
2023-07-30,1947.30483996819
2023-07-31,1952.121851094
2023-08-01,1945.92377766268
2023-08-02,1926.6149588825
2023-08-03,1932.56553370601
2023-08-04,1942.90474683394
2023-08-05,1939.72609491369
2023-08-06,1937.02741276382
2023-08-07,1941.83232712258
2023-08-08,1928.5441557539
2023-08-09,1920.55915532947
2023-08-10,1916.59038101375
2023-08-11,1904.86658658598
2023-08-12,1903.32169341225
2023-08-13,1903.3350429993
2023-08-14,1899.45396291934
2023-08-15,1896.92655739519
2023-08-16,1890.38385771978
2023-08-17,1872.95347100982
2023-08-18,1874.27689439397
2023-08-19,1873.32429771995
2023-08-20,1876.19197702148
2023-08-21,1878.95103269714
2023-08-22,1888.00981376467
2023-08-23,1909.31729925443
2023-08-24,1906.05738973425
2023-08-25,1902.18506307344
2023-08-26,1903.38860725734
2023-08-27,1900.50453153952
2023-08-28,1902.78776514068
2023-08-29,1913.54730409295
2023-08-30,1924.59046303534
2023-08-31,1917.91804372619
2023-09-01,1916.10191635181
2023-09-02,1916.81693734404
2023-09-03,1917.35923395848
2023-09-04,1918.17342901877
2023-09-05,1910.52591186449
2023-09-06,1898.03139161865
2023-09-07,1907.26811316224
2023-09-08,1900.89091477977
2023-09-09,1897.7768463334
2023-09-10,1897.02841832031
2023-09-11,1902.2227181142
2023-09-12,1892.16834482217
2023-09-13,1888.84691384393
2023-09-14,1895.12598825486
2023-09-15,1910.23980619785
2023-09-16,1906.22791425596
2023-09-17,1908.99267490432
2023-09-18,1920.90779653074
2023-09-19,1920.60635154647
2023-09-20,1920.76763448146
2023-09-21,1912.08876531104
2023-09-22,1911.58871793698
2023-09-23,1913.20490177311
2023-09-24,1913.20091907475
2023-09-25,1906.43211822083
2023-09-26,1898.62737384751
2023-09-27,1879.97035825652
2023-09-28,1872.07973470806
2023-09-29,1864.35416507088
2023-09-30,1868.77732370369
2023-10-01,1864.80355123416
2023-10-02,1841.23615988955
2023-10-03,1830.73612230829
2023-10-04,1835.40631688295
2023-10-05,1828.79424351528
2023-10-06,1842.06708616321
2023-10-07,1856.24569667189
2023-10-08,1864.92825643511
2023-10-09,1866.5422730772
2023-10-10,1863.70158739324
2023-10-11,1876.28086887674
2023-10-12,1871.78462734997
2023-10-13,1916.57175396536
2023-10-14,1918.51404804681
2023-10-15,1918.92930529489
2023-10-16,1908.56330781549
2023-10-17,1918.84061324352
2023-10-18,1941.20076836227
2023-10-19,1962.11532347
2023-10-20,1965.50950780405
2023-10-21,1966.53998093642
2023-10-22,1968.30747393051
2023-10-23,1956.47278919417
2023-10-24,1954.03057312102
2023-10-25,1962.62534020881
2023-10-26,1966.23774523517
2023-10-27,1987.69798174959
2023-10-28,1987.33139065858
2023-10-29,1981.95778178412
2023-10-30,1976.6398440701
2023-10-31,1967.18305567702
2023-11-01,1964.90428382307
2023-11-02,1961.45761276734
2023-11-03,1972.40185802397
2023-11-04,1968.17049582623
2023-11-05,1961.35987928259
2023-11-06,1955.69245791792
2023-11-07,1948.17314935151
2023-11-08,1932.08792726467
2023-11-09,1944.90787195983
2023-11-10,1924.05867781822
2023-11-11,1918.16134128079
2023-11-12,1919.88643727279
2023-11-13,1930.17082432516
2023-11-14,1941.00504741177
2023-11-15,1939.4960219854
2023-11-16,1959.62007704535
2023-11-17,1967.28675453054
2023-11-18,1961.87625120378
2023-11-19,1960.35757670025
2023-11-20,1961.40405534203
2023-11-21,1979.3222548688
2023-11-22,1980.58285292931
2023-11-23,1979.36716825703
2023-11-24,1986.11043962012
2023-11-25,1983.64020661424
2023-11-26,1984.25438727743
2023-11-27,1996.66547202397
2023-11-28,2022.93518982357
2023-11-29,2025.12576490962
2023-11-30,2022.46477795168
2023-12-01,2050.81682319965
2023-12-02,2046.91320306812
2023-12-03,2079.80050377307
2023-12-04,2022.83449717354
2023-12-05,2012.29495042557
2023-12-06,2006.58729388655
2023-12-07,2017.58051558891
2023-12-08,2002.48758131389
2023-12-09,1993.31778830425
2023-12-10,1988.1137244114
2023-12-11,1969.21053356722
2023-12-12,1963.05943686441
2023-12-13,2005.56673946498
2023-12-14,2017.73553176727
2023-12-15,2004.25705938395
2023-12-16,1993.92648920487
2023-12-17,1995.6060952117
2023-12-18,2009.58351069247
2023-12-19,2021.07311047811
2023-12-20,2011.30013297079
2023-12-21,2027.96861989412
2023-12-22,2030.42064498717
2023-12-23,2028.72989840528
2023-12-24,2029.0916528378
2023-12-25,2029.53913095825
2023-12-26,2035.77239758499
2023-12-27,2052.26294753044
2023-12-28,2048.24263182489
2023-12-29,2035.23290071165
2023-12-30,2027.24020871261
2023-12-31,2027.06187375745
2024-01-01,2032.84157322094
2024-01-02,2033.30537845816
2024-01-03,2018.73306653459
2024-01-04,2021.80224406362
2024-01-05,2023.1833284523
2024-01-06,2017.70267349869
2024-01-07,2014.23047012655
2024-01-08,2009.39253278512
2024-01-09,2013.93950165578
2024-01-10,2003.37401415772
2024-01-11,2011.43739206015
2024-01-12,2022.17402700987
2024-01-13,2018.37009387348
2024-01-14,2021.0374631198
2024-01-15,2038.95574480126
2024-01-16,2019.53515055777
2024-01-17,2010.5274237557
2024-01-18,2013.50394397893
2024-01-19,2010.28962806043
2024-01-20,2012.73981178213
2024-01-21,2007.63186175592
2024-01-22,1999.36386141247
2024-01-23,2008.1928466362
2024-01-24,2002.64952508245
2024-01-25,2002.36014179739
2024-01-26,1999.94329220617
2024-01-27,1999.04761499754
2024-01-28,2005.12297725344
2024-01-29,2008.93559291576
2024-01-30,2014.84769886169
2024-01-31,2020.33774293731
2024-02-01,2034.93467687387
2024-02-02,2023.32233024664
2024-02-03,2019.33486864582
2024-02-04,2019.3481031478
2024-02-05,2005.54820148863
2024-02-06,2016.29818425891
2024-02-07,2015.14510300207
2024-02-08,2011.70651789698
2024-02-09,2003.73650266936
2024-02-10,2000.1609683133
2024-02-11,2003.3102975494
2024-02-12,1999.17870040089
2024-02-13,1990.02250087117
2024-02-14,1981.79385406482
2024-02-15,1981.79229387491
2024-02-16,1988.26413413638
2024-02-17,1990.37775107228
2024-02-18,1991.26911416939
2024-02-19,1990.46629707303
2024-02-20,2004.39384582368
2024-02-21,2002.5535027822
2024-02-22,2000.31840976449
2024-02-23,2008.56015070853
2024-02-24,2006.25276029012
2024-02-25,2005.34654036105
2024-02-26,2006.38174854224
2024-02-27,2006.18563390535
2024-02-28,2020.9821284545
2024-02-29,2003.89975616635
2024-03-01,2022.98157463971
2024-03-02,2031.08339817284
2024-03-03,2022.30652119415
2024-03-04,2069.87553435982
2024-03-05,2092.00154107145
2024-03-06,2112.01869440326
2024-03-07,2134.3832247382
2024-03-08,2129.89771023151
2024-03-09,2133.69312264356
2024-03-10,2139.77721785862
2024-03-11,2160.16429360434
2024-03-12,2145.05490226456
2024-03-13,2156.13596427986
2024-03-14,2144.86593790888
2024-03-15,2137.27178907428
2024-03-16,2117.74932823687
2024-03-17,2119.23922565687
2024-03-18,2141.38956528287
2024-03-19,2131.67086507206
2024-03-20,2183.67810718733
2024-03-21,2172.76434029998
2024-03-22,2147.57409181998
2024-03-23,2147.37366361103
2024-03-24,2159.99087276905
2024-03-25,2169.19529876425
2024-03-26,2165.81086251101
2024-03-27,2168.74426836371
2024-03-28,2214.27645196256
2024-03-29,2217.03643355755
2024-03-30,2207.28705154195
2024-03-31,2218.63741837362
2024-04-01,2235.55464732934
2024-04-02,2263.68047395462
2024-04-03,2302.62680572809
2024-04-04,2271.56718720485
2024-04-05,2318.93088148114
2024-04-06,2305.16728563814
2024-04-07,2289.59778098851
2024-04-08,2319.55151846705
2024-04-09,2331.90028795335
2024-04-10,2323.8901827448
2024-04-11,2363.02910958026
2024-04-12,2353.09940276181
2024-04-13,2449.13512592123
2024-04-14,2389.9448394316
2024-04-15,2439.8511256201
2024-04-16,2401.90514042963
2024-04-17,2391.82794961435
2024-04-18,2386.6971493217
2024-04-19,2395.93717107789
2024-04-20,2390.21774426316
2024-04-21,2376.27229919979
2024-04-22,2324.86541050005
2024-04-23,2308.10331918446
2024-04-24,2295.94465229957
2024-04-25,2327.20591474075
2024-04-26,2344.79223338443
2024-04-27,2356.44379300278
2024-04-28,2351.05134793087
2024-04-29,2346.9792094252
2024-04-30,2297.31731657984
2024-05-01,2306.66328988733
2024-05-02,2292.18403358066
2024-05-03,2290.51615937962
2024-05-04,2286.2083267099
2024-05-05,2287.10137400227
2024-05-06,2303.93740806076
2024-05-07,2288.93705659686
2024-05-08,2294.84596518769
2024-05-09,2335.73757326926
2024-05-10,2335.70294692906
2024-05-11,2338.97682889676
2024-05-12,2337.1050762831
2024-05-13,2320.6653051674
2024-05-14,2335.8787161978
2024-05-15,2374.64570936236
2024-05-16,2355.19836620422
2024-05-17,2390.40607901261
2024-05-18,2385.81932007272
2024-05-19,2406.57693717928
2024-05-20,2413.63441959157
2024-05-21,2405.40688871928
2024-05-22,2383.7781812394
2024-05-23,2339.89513114992
2024-05-24,2345.57766501279
2024-05-25,2344.16628721879
2024-05-26,2349.25675204906
2024-05-27,2354.05410490954
2024-05-28,2347.81079436125
2024-05-29,2326.64929045219
2024-05-30,2331.95413468787
2024-05-31,2327.93339751489
2024-06-01,2342.14723466384
2024-06-02,2329.62472246299
2024-06-03,2341.9022685807
2024-06-04,2332.66161455133
2024-06-05,2357.8741668296
2024-06-06,2364.43368077038
2024-06-07,2303.68867843039
2024-06-08,2302.70751419232
2024-06-09,2310.76070945503
2024-06-10,2316.09753207377
2024-06-11,2313.12604018453
2024-06-12,2314.33826259637
2024-06-13,2296.29677588998
2024-06-14,2316.8738160492
2024-06-15,2333.57048267817
2024-06-16,2324.58241314089
2024-06-17,2315.02312424104
2024-06-18,2317.00537143587
2024-06-19,2317.14228839083
2024-06-20,2339.27338518007
2024-06-21,2320.55869501037
2024-06-22,2315.99814411856
2024-06-23,2311.87940197056
2024-06-24,2309.18937478937
2024-06-25,2301.7546801307
2024-06-26,2291.61933247522
2024-06-27,2305.0404343198
2024-06-28,2304.76212377864
2024-06-29,2304.45275590211
2024-06-30,2307.93538074727
2024-07-01,2311.87335868781
2024-07-02,2318.30412367282
2024-07-03,2339.04187206136
2024-07-04,2326.85547353584
2024-07-05,2354.7016960711
2024-07-06,2353.51858020499
2024-07-07,2356.44047510985
2024-07-08,2345.43047918344
2024-07-09,2342.96165262249
2024-07-10,2353.73923372819
2024-07-11,2388.64383899391
2024-07-12,2390.13599235172
2024-07-13,2388.17227755769
2024-07-14,2391.58010987331
2024-07-15,2402.49383276224
2024-07-16,2449.15932706297
2024-07-17,2441.17665024732
2024-07-18,2424.54590385694
2024-07-19,2408.50248915366
2024-07-20,2403.62320483831
2024-07-21,2410.63131182411
2024-07-22,2393.17301675821
2024-07-23,2396.72960975202
2024-07-24,2391.29647089978
2024-07-25,2367.97336853358
2024-07-26,2387.25118152218
2024-07-27,2382.11847245704
2024-07-28,2392.05173993421
2024-07-29,2384.8319680845
2024-07-30,2399.81649497592
2024-07-31,2430.47749819112
2024-08-01,2430.65013690381
2024-08-02,2451.76763899593
2024-08-03,2466.34079015332
2024-08-04,2452.34964947555
2024-08-05,2394.32425099621
2024-08-06,2389.15069802709
2024-08-07,2375.46569332184
2024-08-08,2416.84521935416
2024-08-09,2418.01085553172
2024-08-10,2428.36928711855
2024-08-11,2432.65819185068
2024-08-12,2466.19548002301
2024-08-13,2456.32055187839
2024-08-14,2443.2974796805
2024-08-15,2451.92476225534
2024-08-16,2489.77088886951
2024-08-17,2518.31272268779
2024-08-18,2503.55736722097
2024-08-19,2506.1448557803
2024-08-20,2508.79279035787
2024-08-21,2504.39702272163
2024-08-22,2485.4135661584
2024-08-23,2512.30796076347
2024-08-24,2510.67994589193
2024-08-25,2512.98074872915
2024-08-26,2508.78405573116
2024-08-27,2509.77087999355
2024-08-28,2500.34625172146
2024-08-29,2510.89512061571
2024-08-30,2495.17466773288
2024-08-31,2495.66876087336
2024-09-01,2492.02518251465
2024-09-02,2497.50801791601
2024-09-03,2492.51580523184
2024-09-04,2500.91752482265
2024-09-05,2510.44700459731
2024-09-06,2498.79849921905
2024-09-07,2493.47088712294
2024-09-08,2497.76650204438
2024-09-09,2509.11331808437
2024-09-10,2517.29188971869
2024-09-11,2513.15607552842
2024-09-12,2553.86247284899
2024-09-13,2578.46763655254
2024-09-14,2578.25457133044
2024-09-15,2578.48068253025
2024-09-16,2592.23062270508
2024-09-17,2579.78151265843
2024-09-18,2576.60562916665
2024-09-19,2589.71082293928
2024-09-20,2624.03350351871
2024-09-21,2629.41025466736
2024-09-22,2622.08646766593
2024-09-23,2627.47255878991
2024-09-24,2652.88082995898
2024-09-25,2653.0476577111
2024-09-26,2660.66972236044
2024-09-27,2653.93056891478
2024-09-28,2662.07646087116
2024-09-29,2662.31225793691
2024-09-30,2635.04940993795
2024-10-01,2682.09528847018
2024-10-02,2669.66352628493
2024-10-03,2663.17560414593
2024-10-04,2660.45846850712
2024-10-05,2684.54185195203
2024-10-06,2677.86432847352
2024-10-07,2656.93306861497
2024-10-08,2631.94510755758
2024-10-09,2618.24222683379
2024-10-10,2641.49798131006
2024-10-11,2667.53591582728
2024-10-12,2659.04225286944
2024-10-13,2659.41860317136
2024-10-14,2659.55340475197
2024-10-15,2670.13699353093
2024-10-16,2676.42791799196
2024-10-17,2704.55465634406
2024-10-18,2725.91913763375
2024-10-19,2740.03244282767
2024-10-20,2740.16457110902
2024-10-21,2733.37676013467
2024-10-22,2758.47118205348
2024-10-23,2737.36313709063
2024-10-24,2753.05098619974
2024-10-25,2757.1518256822
2024-10-26,2758.77872000207
2024-10-27,2749.93805295011
2024-10-28,2749.8249192493
2024-10-29,2765.76595608691
2024-10-30,2784.11716625432
2024-10-31,2750.28532932146
2024-11-01,2742.8565822621
2024-11-02,2750.05859864697
2024-11-03,2743.95396043812
2024-11-04,2742.58948551841
2024-11-05,2737.496836288
2024-11-06,2657.21876875212
2024-11-07,2709.66779553246
2024-11-08,2669.14356388676
2024-11-09,2669.06343641721
2024-11-10,2663.14818592322
2024-11-11,2604.17855957613
2024-11-12,2561.3063483122
2024-11-13,2569.04199240611
2024-11-14,2558.43238935272
2024-11-15,2575.01443851018
2024-11-16,2563.95215011447
2024-11-17,2580.94920498128
2024-11-18,2615.5597447041
2024-11-19,2646.14615440961
2024-11-20,2655.27187989594
2024-11-21,2672.2089902801
2024-11-22,2722.62018660025
2024-11-23,2726.08489975999
2024-11-24,2728.49180446703
2024-11-25,2633.8111329136
2024-11-26,2636.48227234708
2024-11-27,2646.15039508155
2024-11-28,2638.47287498336
2024-11-29,2640.82933647212
2024-11-30,2638.39686528754
2024-12-01,2655.46368998794
2024-12-02,2639.24720209031
2024-12-03,2637.86656306545
2024-12-04,2641.05387792998
2024-12-05,2630.85819292472
2024-12-06,2632.97616580141
2024-12-07,2626.89325394007
2024-12-08,2633.45218741001
2024-12-09,2652.17488307551
2024-12-10,2687.00647617326
2024-12-11,2701.53956436267
2024-12-12,2678.6960049957
2024-12-13,2663.31075588121
2024-12-14,2649.52357925269
2024-12-15,2654.72715426118
2024-12-16,2655.51239006733
2024-12-17,2654.71443291157
2024-12-18,2600.06894241548
2024-12-19,2607.49786388339
2024-12-20,2627.71679864964
2024-12-21,2619.87819765203
2024-12-22,2621.43045276856
2024-12-23,2617.90762003095
2024-12-24,2626.97227051721
2024-12-25,2634.10093310213
2024-12-26,2650.24023513329
2024-12-27,2638.53566075753
2024-12-28,2650.96575835281
2024-12-29,2645.76133019242
2024-12-30,2618.12117519295
2024-12-31,2627.77940268451
2025-01-01,2624.1849364687
2025-01-02,2652.34505225374
2025-01-03,2646.9111205926
2025-01-04,2646.22036214134
2025-01-05,2644.95780245441
2025-01-06,2654.47646412499
2025-01-07,2650.29669377775
2025-01-08,2665.37622691612
2025-01-09,2672.04974921306
2025-01-10,2688.50755669306
2025-01-11,2697.93973142539
2025-01-12,2697.06891862616
2025-01-13,2670.38298810184
2025-01-14,2672.11255676111
2025-01-15,2697.95490816697
2025-01-16,2715.98362614938
2025-01-17,2701.83622330371
2025-01-18,2694.51601656178
2025-01-19,2677.86568388637
2025-01-20,2696.28729204515
2025-01-21,2737.55284100381
2025-01-22,2753.00342201259
2025-01-23,2744.12939266778
2025-01-24,2758.8385592265
2025-01-25,2767.26330444057
2025-01-26,2758.62250415595
2025-01-27,2739.58886762154
2025-01-28,2760.74949242912
2025-01-29,2763.91255449815
2025-01-30,2794.59850625597
2025-01-31,2804.48058443648
2025-02-01,2814.99911146881
2025-02-02,2822.35639972177
2025-02-03,2836.79172941322
2025-02-04,2852.9850774701
2025-02-05,2920.98035787595
2025-02-06,2879.58616100461
2025-02-07,2878.05946406508
2025-02-08,2876.31025199023
2025-02-09,2896.40988928677
2025-02-10,2930.05192429424
2025-02-11,2915.08723303133
2025-02-12,2917.48043182425
2025-02-13,2947.46613424746
2025-02-14,2911.00591964886
2025-02-15,2905.9771805002
2025-02-16,2902.71345658072
2025-02-17,2913.60859358075
2025-02-18,2947.80427364512
2025-02-19,2946.97543049333
2025-02-20,2951.21045033051
2025-02-21,2947.14899891843
2025-02-22,2955.13749446099
2025-02-23,2961.57616631129
2025-02-24,2980.61742948613
2025-02-25,2934.48659003765
2025-02-26,2929.29187200571
2025-02-27,2883.14135944169
2025-02-28,2858.90270930985
2025-03-01,2849.62765560749
2025-03-02,2872.17319452944
2025-03-03,2888.3487373662
2025-03-04,2928.91058277528
2025-03-05,2931.47655538569
2025-03-06,2926.00267116746
2025-03-07,2926.8378104268
2025-03-08,2936.83606576293
2025-03-09,2930.99572497225
2025-03-10,2892.36663969544
2025-03-11,2922.07014740875
2025-03-12,2946.25295549667
2025-03-13,3002.12160520108
2025-03-14,2994.63147204858
2025-03-15,2997.5635373865
2025-03-16,3000.28168368672
2025-03-17,3012.45198416776
2025-03-18,3064.73192599158
2025-03-19,3062.52000531966
2025-03-20,3055.41069570623
2025-03-21,3038.87612677088
2025-03-22,3050.15572236832
2025-03-23,3052.71584695387
2025-03-24,3017.63361450142
2025-03-25,3028.41049653876
2025-03-26,3023.17601034142
2025-03-27,3058.57643104645
2025-03-28,3092.75146100801
2025-03-29,3112.02963499367
2025-03-30,3109.46403802393
2025-03-31,3147.02314392757
2025-04-01,3133.13215140758
2025-04-02,3181.57624510354
2025-04-03,3125.03791241283
2025-04-04,3053.5284485957
2025-04-05,3065.38062397343
2025-04-06,3000.03363452991
2025-04-07,3009.70586774003
2025-04-08,2998.02547294366
2025-04-09,3096.91128207857
2025-04-10,3212.98121030682
2025-04-11,3262.70825650925
2025-04-12,3243.57204509484
2025-04-13,3243.87268211804
2025-04-14,3234.76163295224
2025-04-15,3258.60573850798
2025-04-16,3377.94790377617
2025-04-17,3346.12668393964
2025-04-18,3353.99243813447
2025-04-19,3348.85920933084
2025-04-20,3367.64101503698
2025-04-21,3464.80961131472
2025-04-22,3350.00496432012
2025-04-23,3332.07848218769
2025-04-24,3368.90678335257
2025-04-25,3316.53336356286
2025-04-26,3314.83286601419
2025-04-27,3310.86971578392
2025-04-28,3340.03987828636
2025-04-29,3316.46015943398
2025-04-30,3284.83061474112
2025-05-01,3251.69608619273
2025-05-02,3253.54097169398
2025-05-03,3258.58456441692
2025-05-04,3260.29129149893
2025-05-05,3347.70291136381
2025-05-06,3403.49013751293
2025-05-07,3383.37096640219
2025-05-08,3322.16732039835
2025-05-09,3335.41442318773
2025-05-10,3328.5267550597
2025-05-11,3291.64725992501
2025-05-12,3244.82289294116
2025-05-13,3262.31198739273
2025-05-14,3195.33822377054
2025-05-15,3249.72478998399
2025-05-16,3222.7892627429
2025-05-17,3226.28317879521
2025-05-18,3248.73801219465
2025-05-19,3238.08446208417
2025-05-20,3304.6735255795
2025-05-21,3325.67107731211
2025-05-22,3310.24130786071
2025-05-23,3358.55064224932
2025-05-24,3362.74589180713
2025-05-25,3351.58209092509
2025-05-26,3359.25234199307
2025-05-27,3322.94588887403
2025-05-28,3276.82839811822
2025-05-29,3326.63363854448
2025-05-30,3304.73060293167
2025-05-31,3299.52230663848
2025-06-01,3322.84668262677
2025-06-02,3398.7961283617
2025-06-03,3371.6174767153
2025-06-04,3391.84113414851
2025-06-05,3380.61572890975
2025-06-06,3337.80626343048
2025-06-07,3334.64815610455
2025-06-08,3340.97593892946
2025-06-09,3344.88986787332
2025-06-10,3338.18565941751
2025-06-11,3380.41352278712
2025-06-12,3402.90380155382
2025-06-13,3462.60946448699
2025-06-14,3484.69267200976
2025-06-15,3479.79940127807
2025-06-16,3428.50543359814
2025-06-17,3416.01172127248
2025-06-18,3395.00408706144
2025-06-19,3390.43792472367
2025-06-20,3394.95738394244
2025-06-21,3395.50250218933
2025-06-22,3408.65980701716
2025-06-23,3375.41995465457
2025-06-24,3345.58762926868
2025-06-25,3352.46460530519
2025-06-26,3336.48687867816
2025-06-27,3297.6344710007
2025-06-28,3291.19731702017
2025-06-29,3281.43308872598
2025-06-30,3319.33548968366
2025-07-01,3348.19978516234
2025-07-02,3355.91477392167
2025-07-03,3335.75828644963
2025-07-04,3344.37194100777
2025-07-05,3344.44252642218
2025-07-06,3336.25618144938
2025-07-07,3337.4139237755
2025-07-08,3309.4626614416
2025-07-09,3321.42166926791
2025-07-10,3323.86742072201
2025-07-11,3346.74560699483
2025-07-12,3350.60846094989
2025-07-13,3357.14759947283
2025-07-14,3349.89905543338
2025-07-15,3338.03782503359
2025-07-16,3353.60148532824
2025-07-17,3344.3890101414
2025-07-18,3354.12870602471
2025-07-19,3359.97094417569
2025-07-20,3352.21876835979
2025-07-21,3398.48084565405
2025-07-22,3427.43681846871
2025-07-23,3395.48852122182
2025-07-24,3377.84815391446
2025-07-25,3351.00779879016
2025-07-26,3356.28692008958
2025-07-27,3347.48404141928
2025-07-28,3321.76716329077
2025-07-29,3334.83128205745
2025-07-30,3296.32718358219
2025-07-31,3296.41562154477
2025-08-01,3362.00200739987
2025-08-02,3360.20570185864
2025-08-03,3362.48798381189
2025-08-04,3379.06033129459
2025-08-05,3384.56787991195
2025-08-06,3372.31211057997
2025-08-07,3393.82390769952
2025-08-08,3385.86102338143
2025-08-09,3384.73386851523
2025-08-10,3386.23548873595
2025-08-11,3345.05559403776
2025-08-12,3342.46812366186
2025-08-13,3354.94849161307
2025-08-14,3331.25966493048
2025-08-15,3333.54474619024
2025-08-16,3332.03585791931
2025-08-17,3326.42533082517
2025-08-18,3333.36933669129
2025-08-19,3314.03074617985
2025-08-20,3340.33962534698
2025-08-21,3331.1880746693
2025-08-22,3363.82431196345
2025-08-23,3358.30138187312
2025-08-24,3358.57082673057
2025-08-25,3342.76595488547
2025-08-26,3379.82731524826
2025-08-27,3388.9244796088
2025-08-28,3417.55811249063
2025-08-29,3464.56883381268
2025-08-30,3463.260734071
2025-08-31,3462.61699438006
2025-09-01,3499.54246526157
2025-09-02,3545.86923382799
2025-09-03,3573.59220922979
2025-09-04,3556.27236149023
2025-09-05,3594.6634623527
2025-09-06,3620.33660179374
2025-09-07,3601.15612734279
2025-09-08,3638.43887038458
2025-09-09,3644.89766811129
2025-09-10,3642.13153870001
2025-09-11,3634.45306672678
2025-09-12,3643.42000975934
2025-09-13,3639.16329481345
2025-09-14,3645.4076102106
2025-09-15,3686.5836213881
2025-09-16,3706.20325961019
2025-09-17,3673.26133104758
2025-09-18,3646.53487656008
2025-09-19,3691.44615733761
2025-09-20,3690.13362443106
2025-09-21,3695.3633805437
2025-09-22,3758.8997537025
2025-09-23,3776.57167401636
2025-09-24,3754.82849229221
2025-09-25,3754.35016287083
2025-09-26,3775.16708033068
2025-09-27,3776.834237297
2025-09-28,3777.90057281347
2025-09-29,3846.91555750794
2025-09-30,3874.85855995945
2025-10-01,3873.0714911963
2025-10-02,3865.85058447008
2025-10-03,3884.10689448234
2025-10-04,3902.00247551848
2025-10-05,3916.8157520757
2025-10-06,3984.43283791974
2025-10-07,4003.63288607878
2025-10-08,4034.04993325632
2025-10-09,3998.69951081289
2025-10-10,3995.07718399934
2025-10-11,3995.27242704995
2025-10-12,4046.33756550323
2025-10-13,4138.47609473469
2025-10-14,4179.62751210876
2025-10-15,4243.20978006079
2025-10-16,4440.9591390652
2025-10-17,4250.61972541997
2025-10-18,4245.36947789995
2025-10-19,4247.67755791967
2025-10-20,4367.13184432429
2025-10-21,4121.43772202305
2025-10-22,4093.3001609594
2025-10-23,4114.24375951437
2025-10-24,4113.99574748738
2025-10-25,4110.12101606313
2025-10-26,4065.98678104751
2025-10-27,3989.71850284269
2025-10-28,3959.29553372004
2025-10-29,3951.63774218172
2025-10-30,4031.52762188497
2025-10-31,4000.87287592557
2025-11-01,4007.45658996586
2025-11-02,3981.26479079533
2025-11-03,3988.50788016479
2025-11-04,3929.85583505465
2025-11-05,3970.79861469979
2025-11-06,3980.28360835912
2025-11-07,3992.07928254714
2025-11-08,3988.27576925776
2025-11-09,4000.93431343142
2025-11-10,4111.92531123517
2025-11-11,4125.40881752122
2025-11-12,4180.55581029411
2025-11-13,4168.22332768995
2025-11-14,4069.17076027672
2025-11-15,4095.3208805926
2025-11-16,4091.28854601778
2025-11-17,4029.56914443819
2025-11-18,4062.52200183481
2025-11-19,4086.01208728343
2025-11-20,4070.31569651307
2025-11-21,4060.36801917623
2025-11-22,4055.94107668332
2025-11-23,4061.61175216042
2025-11-24,4135.74518764396
2025-11-25,4126.07802748315
2025-11-26,4164.9727374568
2025-11-27,4158.97997505223
2025-11-28,4230.69084511546
2025-11-29,4252.14144953787
2025-11-30,4238.53118911101
2025-12-01,4248.74827463288
2025-12-02,4211.63097871086
2025-12-03,4215.29356200529
2025-12-04,4215.25833744296
2025-12-05,4208.94293654565
2025-12-06,4214.71810708239
2025-12-07,4212.25119198866
2025-12-08,4203.11041495183
2025-12-09,4215.53488061417
2025-12-10,4236.37124378275
2025-12-11,4287.82887099655
2025-12-12,4309.90124816696
2025-12-13,4315.11410904048
2025-12-14,4319.6070328911
2025-12-15,4316.58883950038
2025-12-16,4318.6149595008
2025-12-17,4356.0447651458
2025-12-18,4344.6820601068
2025-12-19,4349.07574319203
2025-12-20,4350.35398541384
2025-12-21,4361.93538162088
2025-12-22,4478.15345606342
2025-12-23,4522.72353392434
2025-12-24,4491.71498151755
2025-12-25,4514.236604974
2025-12-26,4553.09170821804
2025-12-27,4567.75124874087
2025-12-28,4553.12249132211
2025-12-29,4350.33737620924
2025-12-30,4355.72031434031
2025-12-31,4329.1861865505
2026-01-01,4351.22554505986
2026-01-02,4341.02420141944
2026-01-03,4355.15972215223
2026-01-04,4376.48469899763
2026-01-05,4450.41750293899
2026-01-06,4511.79748043651
2026-01-07,4471.43832124239
2026-01-08,4478.80111667544
2026-01-09,4503.72347398895
2026-01-10,4514.7300916183
2026-01-11,4535.37608069272
2026-01-12,4601.14351009901
2026-01-13,4601.30170679334
2026-01-14,4625.87123869518
2026-01-15,4622.15916169157
2026-01-16,4602.31706902593
2026-01-17,4609.63206469257
2026-01-18,4682.95320820344
2026-01-19,4682.59729583831
2026-01-20,4791.29317060449
2026-01-21,4810.48553899783
2026-01-22,4962.34217705054
2026-01-23,4999.58581614317
2026-01-24,5074.94199661011
2026-01-25,5056.55289009206
2026-01-26,5058.14657460968
2026-01-27,5184.03256483878
2026-01-28,5525.75687088449
2026-01-29,5459.94727779048
2026-01-30,4914.71635929375
2026-01-31,4835.99502597403
2026-02-01,4760.62521904353
2026-02-02,4769.01815530491
2026-02-03,4951.98634179969
2026-02-04,5025.02901588645
2026-02-05,4726.14589628273
2026-02-06,4943.98447280457
2026-02-07,4987.19777497305
2026-02-08,5030.67959195301
2026-02-09,5031.66673270512
2026-02-10,5042.88001547286
2026-02-11,5075.67477552086
2026-02-12,4919.15999696832
2026-02-13,5043.33629582361
2026-02-14,5021.04764684337
2026-02-15,5024.09561878827
2026-02-16,4996.86706234202
2026-02-17,4872.64447641347
2026-02-18,4980.29881557234
2026-02-19,5003.55754910554
2026-02-20,5111.22347647922
2026-02-21,5140.54597065308
2026-02-22,5174.0077664838
2026-02-23,5258.23087865611
2026-02-24,5161.11086990757
2026-02-25,5180.61643625897
2026-02-26,5197.45396738751
2026-02-27,5293.05491104289
2026-02-28,5375.49173595427
2026-03-01,5420.84920264152
2026-03-02,5353.06818007374
2026-03-03,5144.40641606311
2026-03-04,5171.89361884672
2026-03-05,5104.97922607335
2026-03-06,5180.18943917806
2026-03-07,5173.59563497951
2026-03-08,5091.49797361546
2026-03-09,5148.45443072882
2026-03-10,5195.07287108645
2026-03-11,5148.70857231893
2026-03-12,5108.27314402223
2026-03-13,5029.35484285796
2026-03-14,5020.82704771109
2026-03-15,4983.83783472076
2026-03-16,4998.61289860372
2026-03-17,4994.52288562773
2026-03-18,4827.06389741432
2026-03-19,4651.99441882622
2026-03-20,4508.02766234566
2026-03-21,4507.5536871548
2026-03-22,4485.68497992133
2026-03-23,4442.85765652967
2026-03-24,4528.38396823252
2026-03-25,4502.80531030607
2026-03-26,4404.17174806132
2026-03-27,4496.99478492044
2026-03-28,4499.95898230444
2026-03-29,4459.9061441305
2026-03-30,4506.07177259853
2026-03-31,4675.36370118894
2026-04-01,4772.06846050771
2026-04-02,4667.17609413174
2026-04-03,4648.0034127729
2026-04-04,4648.32712143337
2026-04-05,4602.57950273526
2026-04-06,4641.29754969631
2026-04-07,4794.36482826501
2026-04-08,4700.63155948416
2026-04-09,4746.59231580313
2026-04-10,4736.3687976522
2026-04-11,4735.29421521659
2026-04-12,4644.99594696025
2026-04-13,4743.17359517759
2026-04-14,4831.61042229834
2026-04-15,4810.19645110244
2026-04-16,4779.62883560242
2026-04-17,4820.6439540849
2026-04-18,4779.77189057613
2026-04-19,4746.59311259509
2026-04-20,4809.07962019376
2026-04-21,4725.0383655853
2026-04-22,4715.2831437268
2026-04-23,4687.17523417116
2026-04-24,4698.809712633
2026-04-25,4693.40392432417
2026-04-26,4673.8208983776
2026-04-27,4682.88151075614
2026-04-28,4584.66697065338
2026-04-29,4549.11506998576
2026-04-30,4619.89376652636
2026-05-01,4604.13994015925
2026-05-02,4597.84265487027
2026-05-03,4607.22168796441
2026-05-04,4516.02749812279
2026-05-05,4578.06013636033
2026-05-06,4684.00056657295
2026-05-07,4692.37215522522
2026-05-08,4706.65180702179
2026-05-09,4711.48532487999
2026-05-10,4689.95602110213
2026-05-11,4747.1592229572
2026-05-12,4712.57935242423
2026-05-13,4687.7541891304
2026-05-14,4652.17586135991
2026-05-15,4540.60315382643
2026-05-16,4535.47280869077
2026-05-17,4537.06849618203
2026-05-18,4576.70306590536
2026-05-19,4489.50179770173
2026-05-20,4533.96016927084
2026-05-21,4528.53864675049
2026-05-22,4498.08656518445
2026-05-23,4520.00922711441
